holders_ratio_category,grant_id,title,holders_ratio,contributor_count_in_round,amount_received_in_round,amount_per_contributor,amount_per_contribution,stamps_per_amount,contribution_count,tx_count_in_round,stamps_per_tx,stamp_holders_tx,valid_stamps_count
normal,7206,Minority Programmers Educational Cohort,0.6226415094339622,106,405.2698,3.973233333333333,3.752498148148148,1.416340423095923,108,106,5.415094339622642,66.0,574.0
normal,5047,learn.0xparc.org,0.5032051282051282,312,2059.9426,10.276887108013936,7.858259147424511,0.7320592331067867,1126,312,4.833333333333333,157.0,1508.0
normal,6344,"Praise ‚Äì Acknowledge community contributions, build a culture of giving and gratitude",0.625,24,166.84,7.9833763157894735,7.223054761904761,1.3126348597458644,42,24,9.125,15.0,219.0
normal,500,DeFi Dad DeFi Tutorials on YouTube and Twitter,0.4166666666666667,12,72.412,21.3662106081548,15.435300424363454,0.8147820803181792,4006,12,4.916666666666667,5.0,59.0
normal,7514,Neuroscience of Ethereum: Decentralized Science for a Human Node Network,0.5277777777777778,36,834.5767,23.18268611111111,22.556127027027024,0.1833264695743363,37,36,4.25,19.0,153.0
normal,6104,SheFi - Financial Freedom is Feminine,0.5238095238095238,63,415.351,15.093890681003584,13.99068272425249,0.8185847632484332,301,63,5.396825396825397,33.0,340.0
normal,4683,SHARE Protocol,0.5844155844155844,77,311.8285,3.845540476190476,3.629498876404494,1.3661355520742973,89,77,5.532467532467533,45.0,426.0
normal,7204,RightfulShare An Income Movement,0.5238095238095238,21,1628.5367,81.42683500000001,77.54936666666667,0.0564924327465263,21,21,4.380952380952381,11.0,92.0
normal,7185,Artists for Climate - using art to solve the Climate Emergency,0.6,15,45.6998,2.7471941176470587,2.7471941176470587,1.8818463100494969,17,15,5.733333333333333,9.0,86.0
normal,5876,Intentional DAO,0.6363636363636364,22,199.7736,7.908281818181818,6.21365,0.6106913025544918,42,22,5.545454545454546,14.0,122.0
normal,7497,Defi Biolabs is engineering cyanobacteria to produce scalable feed supplement to reduce  greenhouse gas emissions  in cattle.,0.6593406593406593,91,578.1602,6.740888636363636,6.447806521739131,1.0273969048716949,92,91,6.527472527472527,60.0,594.0
normal,4972,JournoDAO: Using Web3 to Upgrade Journalism,0.6666666666666666,15,223.4608,14.224646153846152,11.740977777777776,0.5280568224941466,63,15,7.866666666666666,10.0,118.0
normal,7423,Future Folklore,0.6571428571428571,35,79.3812,2.405490909090909,2.268034285714286,2.8344242717419235,35,35,6.428571428571429,23.0,225.0
normal,6200,Hibiscus DAO,0.6243654822335025,197,677.533,3.336661455108359,2.836162236842105,1.9216776157028512,760,197,6.609137055837564,123.0,1302.0
normal,3491,The Daily Gwei en Espa√±ol,0.4,20,101.4173,6.590209595959596,5.608287249283667,0.8578418080544444,698,20,4.35,8.0,87.0
normal,7237,"Kula: Connecting Globally, Acting Locally",0.625,16,45.8479,2.86549375,2.86549375,2.3992374787067674,16,16,6.875,10.0,110.0
normal,7431,Publish Science | SciDAO,0.6222222222222222,90,500.7041,5.755219540229885,5.502242857142857,1.1683547228792417,91,90,6.5,56.0,585.0
normal,7468,A Giant Lab for Better Diagnostic Solutions for Neglected Diseases,0.5294117647058824,17,142.7221,8.92013125,8.395417647058824,0.6235894791346259,17,17,5.235294117647059,9.0,89.0
normal,4874,Autonomous Web3 Carbon Offsetting for Decentralised Communities,0.4305555555555556,360,1005.6313,5.275899646486964,4.149213171155517,1.4816563486041057,5755,360,4.138888888888889,155.0,1490.0
normal,7223,zkForms: Proof of Humanity,0.648936170212766,94,156.9135,1.7434833333333333,1.634515625,3.039891405137225,96,94,5.074468085106383,61.0,477.0
normal,7445,"pRoots: empower people to store, share, annotate and learn genomic data in DeSci ecosystem",0.5766423357664233,137,2327.5151,14.644526708074531,9.468951004016064,0.2590745812991718,249,137,4.401459854014599,79.0,603.0
normal,6819,w1nt3r,0.5882352941176471,17,190.0518,10.558433333333332,10.558433333333332,0.3630589134120277,18,17,4.0588235294117645,10.0,69.0
normal,4098,Indigenous Legal Fund for Climate Action - Beyond Fossil Fuels,0.5652173913043478,23,134.5781,12.936051174934724,8.3129322147651,0.7802160975671376,596,23,4.565217391304348,13.0,105.0
normal,7297,Dolven Labs - DAO Based Ecosystem Catalyst for Starknet,0.5708154506437768,699,1487.6238,2.986375036927622,2.76198893442623,2.474415910796802,732,699,5.266094420600858,399.0,3681.0
normal,6264,TestNetRun,0.6639344262295082,122,345.8733,3.069941228070175,2.712971317829457,1.8735184242322265,129,122,5.311475409836065,81.0,648.0
normal,3531,Dataverse: your ownable personal space,0.5940959409594095,271,449.0909,6.866996850058529,4.258788899155227,3.4848178843080544,30304,271,5.7749077490774905,161.0,1565.0
normal,2445,The ((word block)),0.5865921787709497,179,291.4764,4.77499004854369,3.6397703977798335,3.835645012769473,1081,179,6.245810055865922,105.0,1118.0
normal,7011,Funding Fusion Energy Innovation As A Public Good - FrontierDAO,0.6330275229357798,109,287.6705,2.848222772277228,2.5684866071428574,1.960576423373269,112,109,5.174311926605505,69.0,564.0
normal,7464,0xDeadList,0.4957044673539519,1164,1667.0564,1.7791423692636072,1.3136772261623324,3.141465399730927,1269,1164,4.49914089347079,577.0,5237.0
normal,6686,Kokonut Network: Agriculture + Blockchain + Community,0.5853658536585366,164,466.4183,2.915114375,2.6960595375722542,1.6508786211861757,173,164,4.695121951219512,96.0,770.0
normal,7536,Truust: A proposed new computational model as an approach to hyper-computing,0.5,14,47.6924,1.2550631578947369,0.3096909090909091,2.096770135283609,154,14,7.142857142857143,7.0,100.0
normal,782,Ethereum Cat Herders Community Fund,0.5434782608695652,46,756.1285,11.77678207036536,8.524037169441725,0.4668518644648363,2042,46,7.673913043478261,25.0,353.0
normal,5939,LunCo: Decentralizing The Lunar Colonization,0.6715328467153284,137,925.1386,7.67129296875,6.914968309859155,0.8820300006939501,142,137,5.956204379562044,92.0,816.0
normal,7137,WTF is a  .eth and WTF can I do with it?,0.6363636363636364,22,58.1559,2.769328571428572,2.64345,2.527688506239264,22,22,6.681818181818182,14.0,147.0
normal,4326,"OUR 40acres, an internet native approach to building community resilience and healing the digital divide!",0.6388888888888888,144,1234.2561,8.677111940298508,5.301214285714286,0.6935351585461073,329,144,5.944444444444445,92.0,856.0
normal,3998,"Lifespan.io Meets Web3 - Crowdsourced Clinical Trials, Inverse Quadratic Funding, and You!",0.5583333333333333,120,1169.4447,92.31553745019922,69.44415554445555,0.5831827704208673,1001,120,5.683333333333334,67.0,682.0
normal,7888,"Future Quest: A web3 ecosystem committed to fixing our future. Part game, part launch pad for public good Quests for our planet.",0.4736842105263157,57,1036.1549,19.188053703703705,18.17815614035088,0.2596136928947593,57,57,4.719298245614035,27.0,269.0
normal,7333,Active Blockference: an Open Source Package for Cognitive Modeling in Web3,0.5714285714285714,70,2375.9268,25.558352688172047,11.15928075117371,0.1885579976622175,213,70,6.4,40.0,448.0
normal,7202,üî•ENS UPDATESüî•,0.53125,32,175.4037,5.011534285714285,5.011534285714285,0.712641751570805,35,32,3.90625,17.0,125.0
normal,7791,Chainlist,0.6252821670428894,443,1060.723,2.3312593406593405,2.191576446280992,2.8367443715277223,484,443,6.792325056433409,277.0,3009.0
normal,615,Meta Gamma Delta DAO: Funding Women-Led Initiatives,0.625,64,445.0913,28.059037725225227,19.10768826687117,1.051469664763162,1304,64,7.3125,40.0,468.0
normal,1573,Metagov: research on digital self-governance,0.6363636363636364,55,979.1021,12.574442857142856,10.604951807228916,0.3799399470188043,166,55,6.763636363636364,35.0,372.0
normal,7207,Cashmere Labs,0.5046728971962616,749,1634.0261,2.9087438721136767,1.7201920168067228,2.121141149458996,952,749,4.627503337783712,378.0,3466.0
normal,7641,Bu Zhi DAO - Taiwan Web3 Education,0.4098360655737705,122,596.3159,5.521443518518519,4.84809674796748,0.7881728459697284,123,122,3.852459016393442,50.0,470.0
normal,1595,Bloom Network,0.6169491525423729,295,1354.5958,40.15192256790124,29.903509819786688,1.3664592788490857,2719,295,6.274576271186441,182.0,1851.0
normal,4739,Ecne,0.4130434782608695,46,98.7496,37.80545761589404,29.57836321243523,1.9848181663520663,193,46,4.260869565217392,19.0,196.0
normal,1805,Pepemon: Degen Battleground,0.5748299319727891,294,726.0108,3.826535376794258,3.1073177027683343,2.19418223530559,4118,294,5.418367346938775,169.0,1593.0
normal,7036,Neutral Protocol - On-chain carbon derivatives,0.5,42,615.1339,13.087955319148938,12.815289583333334,0.3527687223871095,48,42,5.166666666666667,21.0,217.0
normal,816,Grassroots Economics CIC Support - Kenya & Beyond,0.5384615384615384,13,232.1764,12.530625130434782,10.374527645788335,0.3230302476909797,1389,13,5.769230769230769,7.0,75.0
normal,6342,HyperXP,0.4615384615384615,52,307.9204,7.692387786259542,6.144529268292683,0.8671072134226898,164,52,5.134615384615385,24.0,267.0
high,6816,Troop Finance - Invest Better Together,0.7358024691358025,405,685.9313,1.72732825,1.6529456937799043,3.635932636402509,418,405,6.158024691358024,298.0,2494.0
high,6162,Conquest.eth a permission-less and persistent game of diplomacy,0.7368421052631579,19,396.8112,14.552005128205128,12.89836818181818,0.3906139746055555,44,19,8.157894736842104,14.0,155.0
high,7571,Recap of the Previous Day on StarkNet,0.7368421052631579,38,50.8558,1.4126611111111111,1.303994871794872,4.011341872510116,39,38,5.368421052631579,28.0,204.0
high,7268,inTheory Research Markets by Impact Finance,0.7375,80,1642.1224,16.258637623762375,8.734693617021277,0.2551575936117795,188,80,5.2375,59.0,419.0
high,7563,AbjaDAO | Translating Blockchain to Arabic,0.7391304347826086,23,77.9155,3.895775,3.3876304347826083,1.91232809903036,23,23,6.478260869565218,17.0,149.0
high,4083,Longevity Prize,0.7413793103448276,58,133.6102,30.33964322636852,23.711884123921923,3.2332860814518654,8812,58,7.448275862068965,43.0,432.0
high,7372,ENS University,0.7419354838709677,31,334.1661,11.93450357142857,10.779551612903225,0.7960113249069849,31,31,8.580645161290322,23.0,266.0
high,7401,FNS - Filecoin Name Service,0.7448979591836735,98,740.2581,9.138988888888887,7.329288118811881,0.9604758124227212,101,98,7.255102040816326,73.0,711.0
high,7918,Forta Patterns - Sybil detection,0.7461538461538462,260,308.2263,1.289649790794979,1.1587454887218045,6.135102682671791,266,260,7.273076923076923,194.0,1891.0
high,7344,L3GENDARY DAO,0.75,20,211.0311,10.551555,10.551555,0.8766480390804957,20,20,9.25,15.0,185.0
high,4201,Spect Network,0.75,80,109.0146,3.066443587962963,2.498969307677797,5.494676859796761,5301,80,7.4875,60.0,599.0
high,7588,Open Source Attention,0.75,32,487.7099,16.256996666666666,14.77908787878788,0.487995015069409,33,32,7.4375,24.0,238.0
high,7534,Rektify AI | Champions of Web3 Security,0.75,16,72.758,4.850533333333333,4.547375,1.498117045548256,16,16,6.8125,12.0,109.0
high,7095,Zero-Knowledge University - an Online Course and Informal Study Group.,0.75,20,93.7096,4.791705,4.356095454545454,1.1631679144932856,22,20,5.45,15.0,109.0
high,2754,MintBot | Polygon NFT Minter + ENS SubDomains (no gas),0.75,56,96.4205,8.794543899613899,6.755002580071174,4.542602454872148,3372,56,7.821428571428571,42.0,438.0
high,7833,50mm Collective,0.75,64,376.6569,5.9786809523809525,5.621744776119403,1.165516946589854,67,64,6.859375,48.0,439.0
high,7433,Hazel - Gamifying Carbon Removal For Consumers Using Web3 Technology,0.75,20,127.7734,6.724915789473684,6.388669999999999,0.9235099011218296,20,20,5.9,15.0,118.0
high,7336,Decentralized student team for iGEM competition,0.7543859649122807,57,681.2754,13.10145,11.746127586206896,0.6252977870623246,58,57,7.473684210526316,43.0,426.0
high,391,BoxSwap - ,0.7555555555555555,45,56.9183,2.099410909090909,2.0257473684210527,3.197565633548437,57,45,4.044444444444444,34.0,182.0
high,6739,SafeZen- the future of insurance,0.76,25,47.4843,1.9785125,1.899372,4.106620504040283,25,25,7.8,19.0,195.0
high,7443,"I Am The Master of My Own Domain & I Carry My Magic With Me - Self-Sovereignty, Self-Determination, & Self-Efficacy to Overcome Domestic Violence",0.7611940298507462,67,1093.081,12.801395348837213,5.983260869565218,0.3732568766633031,184,67,6.08955223880597,51.0,408.0
high,7544,WeSeed,0.7647058823529411,34,348.6713,10.895978125,9.685313888888889,0.725611772463062,36,34,7.4411764705882355,26.0,253.0
high,285,Universal Basic Income ‚Äî UBI,0.7653061224489796,98,213.6746,7.929800314748201,5.703711481241914,2.971808535034113,3092,98,6.479591836734694,75.0,635.0
high,7266,Contracts bots gang,0.7681159420289855,276,275.3063,0.946069759450172,0.923846644295302,6.160411149327131,298,276,6.144927536231884,212.0,1696.0
high,7073,Good Science Project,0.7692307692307693,13,52.7021,4.131,3.835928571428572,2.5805423313302507,14,13,10.461538461538462,10.0,136.0
high,7669,FAVELAVERSO - Social Inclusion through the Web 3,0.7741935483870968,31,68.4828,2.445814285714285,2.209122580645161,3.738164911481423,31,31,8.258064516129032,24.0,256.0
high,4573,datalatte - Milk Your Data,0.7857142857142857,14,115.47,2.9230414580265096,2.372678003586372,0.5975578072226553,1673,14,4.928571428571429,11.0,69.0
high,6783,Simple.eth - Decentralized .Eth Websites for the first million users and beyond,0.7857142857142857,14,95.7658,6.840414285714286,6.840414285714286,1.52455260646285,14,14,10.428571428571429,11.0,146.0
high,7723,We Make Impact - Exponentially Reversing Climate Change,0.7878787878787878,33,88.6147,2.769209375,2.606314705882353,1.7717150766182137,34,33,4.757575757575758,26.0,157.0
high,7672,Forta Agent: Contract impersonations Detector,0.7933884297520661,242,234.1474,0.9756141666666668,0.9479651821862348,6.3250755720541845,247,242,6.119834710743802,192.0,1481.0
high,7812,Tech By Choice: Paid Open Source Initiative,0.8,80,682.4053,9.611342253521126,8.322015853658536,0.8836390924865325,82,80,7.5375,64.0,603.0
high,7418,„ÄêW3.work Metaverse„ÄëConnect & Collab in Web3,0.8034934497816594,229,1195.6371,4.840636032388663,3.435738793103448,1.0546678419396656,348,229,5.506550218340611,184.0,1261.0
high,5988,ARTXV,0.8064516129032258,31,104.6259,5.699578431372549,4.926754237288136,2.3799078430866545,59,31,8.03225806451613,25.0,249.0
high,7623,REGEN LEAGUE: Protecting the Amazon Rainforest,0.8095238095238095,21,82.6359,3.935042857142857,3.935042857142857,2.0814198187470576,21,21,8.19047619047619,17.0,172.0
high,6716,KeyChain - SoulBound Web3 Social Platfform,0.8125,16,74.5173,5.075916949152543,4.6793609375,1.771400735131305,64,16,8.25,13.0,132.0
high,7303,Greatness: A Loot Podcast Series,0.8142076502732241,183,515.1786,2.815183606557377,2.784749189189189,1.919722597173097,185,183,5.404371584699454,149.0,989.0
high,6388,Community Management,0.8148148148148148,162,425.5557,4.73599806763285,4.376569642857143,1.9809392753992008,224,162,5.203703703703703,132.0,843.0
high,2966,"Blockhead: portfolio tracker, tx visualizer and data explorer for crypto/DeFi/NFTs/web3",0.8181818181818182,11,50.1312,6.0133521666666665,4.402698352654057,2.094504021447721,6556,11,9.545454545454543,9.0,105.0
high,7748,DAO Governance Education Sessions,0.8181818181818182,11,174.5476,15.867963636363635,14.545633333333331,0.5213477584338027,12,11,8.272727272727273,9.0,91.0
high,2137,ETH gas price telegram bot,0.8260869565217391,23,176.2314,12.286263934426229,11.021501470588234,0.4369255422132491,68,23,3.347826086956522,19.0,77.0
high,5090,Urbanika and the SolarPunk Awakening,0.8383838383838383,99,636.3409,5.326740205562273,4.434035379969804,1.2179006567077488,1987,99,7.828282828282828,83.0,775.0
high,6713,"Incrypted - Media Network about crypto, based in Ukraine",0.8611111111111112,216,340.0471,30.65165572519084,27.352635558583103,4.375864402313679,734,216,6.888888888888889,186.0,1488.0
high,4143,wslyvh - useWeb3 | ETHGas | Tokenlog & more..,0.8666666666666667,15,72.3721,9.567180833333332,7.553037499999999,1.9758995524518423,152,15,9.533333333333331,13.0,143.0
high,2673,Mafia creativa din Romania,0.9090909090909092,11,79.055,5.3419384615384615,4.340325,1.4926317120991712,48,11,10.727272727272728,10.0,118.0
high,7269,CyberBox ReFi NFT Marketplace,0.9111111111111112,180,402.589,2.191086559139785,2.156307407407408,1.7660691176361003,189,180,3.95,164.0,711.0
high,7227,build pr3tti; Onboard Women to Web3,0.9166666666666666,12,50.9747,3.921130769230769,3.921130769230769,2.5699023240941097,13,12,10.916666666666666,11.0,131.0
high,7658,Forta Agent: Money Laundering Detector for Umbra Protocol.,0.9187817258883249,197,66.3456,0.3300776119402985,0.3284435643564357,21.77989195967781,202,197,7.33502538071066,181.0,1445.0
high,7692,Malicious Contract Detector,0.921875,192,111.1234,0.5698635897435897,0.5612292929292929,12.751589674182036,198,192,7.380208333333333,177.0,1417.0
high,6206,MuseX Protocol,0.9375,48,80.7302,3.92038380952381,2.286890555555556,6.168695234249389,180,48,10.375,45.0,498.0
high,7341,Wiscle DEI-First Collaboration Network,1.0,11,70.0603,6.369118181818181,6.369118181818181,1.4416152942536644,11,11,9.181818181818182,11.0,101.0
low,7394,GloriView is an NFT creation platform accessible to everyone.,0.0172413793103448,58,85.8636,1.70786301369863,1.5204146341463416,0.0232927573500295,82,58,0.0344827586206896,1.0,2.0
low,7345,BasicTier Platform,0.03003003003003,333,434.9233,1.556834219269103,1.3237488700564972,0.0528828876263929,354,333,0.069069069069069,10.0,23.0
low,7131,Surfnetwork,0.032258064516129,31,58.0414,1.9211566666666668,1.6705710144927537,0.0344581626218526,69,31,0.064516129032258,1.0,2.0
low,7222,Madaland,0.052219321148825,383,475.1987,1.3038703896103896,1.2303678921568626,0.2083339032703582,408,383,0.2584856396866841,20.0,99.0
low,7252,Societify is a guild management platform for sharing player accounts and assets across the Web3 gaming ecosystem.,0.0554913294797687,865,1134.1548,1.5090812807881773,1.3319282608695653,0.1296119365716214,920,865,0.1699421965317919,48.0,147.0
low,7502,Minidomn is a launchpad for Web3-native investing DAOs.,0.0632911392405063,237,321.308,1.551789344262295,1.3571204301075268,0.1991858279283429,279,237,0.270042194092827,15.0,64.0
low,7265,SimpUnion is a fixed rate lending platform with flexible terms on Ethereum.,0.0689655172413793,261,364.4576,1.546862886597938,1.402296261682243,0.1920662376089838,321,261,0.2681992337164751,18.0,70.0
low,6547,Cryptoant Program,0.0751445086705202,1038,1421.9556,1.9042270499528744,1.6306577078288942,0.2595017734730958,1239,1038,0.3554913294797688,78.0,369.0
low,7288,Leevtis is a platform that enables users to mint their Web3 achievements as Soulbound NFTs.,0.0781544256120527,1062,1329.5984,1.3349381526104418,1.0275103554868623,0.3091158954463242,1294,1062,0.3870056497175141,83.0,411.0
low,7451,CrypMetis DAPP,0.0826996197718631,1052,1395.6134,1.4721971631205677,1.3392245161290324,0.2077939349106278,1085,1052,0.2756653992395437,87.0,290.0
low,7256,"CrypColosseum is a platform where DAO members can submit, support or challenge proposals.",0.0839041095890411,1168,1529.9459,1.4776879734848485,1.311292857142857,0.2601399173657056,1190,1168,0.3407534246575342,98.0,398.0
low,7545,"SmoothDiscovery ,a  platform for discovering fair,transparent and decentralized token price.",0.0845188284518828,1195,1550.7151,1.4882102687140115,1.2955013366750208,0.2405341896780395,1197,1195,0.3121338912133891,101.0,373.0
low,6468,NBank Financial System,0.0849609375,1024,1400.6909,1.9907994258373207,1.6419774269928966,0.325553625000348,1267,1024,0.4453125,87.0,456.0
low,6487,Bitgiant,0.0878928987194412,1718,2343.0223,2.24311279014685,1.7440924861878455,0.240714738395789,2715,1718,0.3282887077997671,151.0,564.0
low,7385,FacHub Platform,0.0885496183206106,655,941.6621,1.6032871753246754,1.4417881751824817,0.2007089379513097,685,655,0.2885496183206107,58.0,189.0
low,6761,Truts - Discovery platform for web3 communities based on onchain and offchain analytics,0.0909090909090909,11,258.5832,25.85832,23.507563636363635,0.058008408898954,11,11,1.3636363636363635,1.0,15.0
low,6707,CryptoTribe,0.0949820788530465,1674,2307.5844,1.579614503816794,1.3950303370786516,0.2751795340616794,1780,1674,0.3793309438470729,159.0,635.0
low,6602,Harefund,0.1022938623682579,1613,2189.813,1.865065408805032,1.571290655105973,0.2790192587220917,2076,1613,0.3787972721636702,165.0,611.0
low,7439,BitRavener Cryptocurrency Reward Platform,0.1032967032967032,1365,1887.3642,1.57786786004882,1.3891114613180515,0.4620199959287137,1396,1365,0.6388278388278388,141.0,872.0
low,6313,Openkoo,0.1079199303742384,1149,1584.0711,1.8168540780141844,1.5316976083707026,0.556161904601378,1338,1149,0.7667536988685814,124.0,881.0
low,7408,"NFTrack is a marketplace where users can mint, trade and list NFTs with core features.",0.1105476673427992,986,1447.5748,1.628553501094092,1.469395755182626,0.3806366344592348,1013,986,0.5588235294117647,109.0,551.0
low,7547,Fluidspeed Programmable And Streaming Payments Tool,0.1221945137157107,401,541.6333,1.5431148148148146,1.347346517412935,0.1680103494375253,402,401,0.226932668329177,49.0,91.0
low,7314,Ultrapods is a toolkit for decentralized identity.,0.1302037201062887,1129,1457.0824,1.4169735599622286,1.2935991379310343,0.2964828893685079,1160,1129,0.3826395039858282,147.0,432.0
low,5699,Synpress - web3-enabled e2e testing tool,0.1333333333333333,15,284.9922,17.396952631578948,15.7401,0.0736862272020076,21,15,1.4,2.0,21.0
low,6542,Cryptobond Tool,0.1338090990187332,1121,1544.8863,2.206190909090909,1.845306006389776,0.2744538546299491,1565,1121,0.3782337198929527,150.0,424.0
low,7398,Commubase,0.1449144914491449,1111,1493.5952,1.4292084493964716,1.3490425065731813,0.4492515776697729,1141,1111,0.6039603960396039,161.0,671.0
low,5027,0 to Web3 - Instructor Led Coding Bootcamp Scholarships,0.15,20,338.0118,19.423811904761905,12.7468765625,0.1094636341098151,64,20,1.85,3.0,37.0
low,7196,Collateralizer,0.1538461538461538,1040,1336.5698,1.4350440537745606,1.2908721860465115,0.4803340611167482,1075,1040,0.6173076923076923,160.0,642.0
low,1577,EthCC by Ethereum France,0.1538461538461538,13,153.9766,22.28931802973977,17.204667288378765,0.2143182795307858,697,13,2.5384615384615383,2.0,33.0
low,6435,Hyperspot Finance,0.1635049683830171,1107,1514.1358,1.7442052631578948,1.526029759450172,0.837441397264367,1455,1107,1.1454381210478772,181.0,1268.0
low,7598,TEMPLE OF THE FOX,0.1666666666666666,12,112.2564,9.3547,9.3547,0.1870717393395833,12,12,1.75,2.0,21.0
low,7132,My Meta Farm,0.1666666666666666,12,44.2328,3.3346785714285714,3.1123666666666665,0.6104067569767232,15,12,2.25,2.0,27.0
low,6501,StarfishDAO Platform,0.1731266149870801,1161,1630.7843,1.769259044862518,1.5149417596034696,0.5488156833494165,1614,1161,0.7708871662360034,201.0,895.0
low,7354,Arronia,0.1758917589175891,813,1095.0534,1.4720863402061857,1.3470978773584903,0.5652692370983917,848,813,0.7613776137761378,143.0,619.0
low,7232,Orgassign,0.1795716639209225,607,790.7729,1.387728737541528,1.1094458167330676,0.5210092556282594,753,607,0.6787479406919276,109.0,412.0
low,6297,Seavoting  cross-chain voting system,0.1905187835420393,1118,1545.3532,1.7917763984674329,1.509534021949645,0.9687105834446132,1549,1118,1.3389982110912344,213.0,1497.0
low,7155,Openseed Platform,0.1918918918918919,1110,1484.3138,1.505928972868217,1.3432313742437338,0.4628401352867567,1157,1110,0.6189189189189189,213.0,687.0
low,7475,Committable: A Decentralized Open-Source Protocol For Web3,0.1981132075471698,106,178.3203,5.244714705882353,1.666544859813084,1.5365608963197124,107,106,2.5849056603773586,21.0,274.0
low,7272,dDAO Community - Êé¢Á¥¢Âéª‰∏≠ÂøÉÊ≤ªÁêÜÁöÑÂ∞èÂûãÁ§æ‰ºöÂ≠¶ÂÆûÈ™å,0.2,115,164.3017,4.635602777777778,1.4142516949152542,1.5459365301758898,118,115,2.208695652173913,23.0,254.0
low,6237,"Non-Fungible Friend: Connect, build, and engage with your Web3 network",0.2,20,327.288,5.166057735849057,4.672373037542663,0.1527706484808486,293,20,2.5,4.0,50.0
low,6092,Genesis Scrolls Painted,0.2,15,44.2383,12.320664935064936,10.780581818181815,0.7233551018009281,88,15,2.1333333333333333,3.0,32.0
low,6391,Bitloan protocol,0.2014995313964386,1067,1497.5131,2.392567469879518,1.897722457337884,0.8734481187510147,2930,1067,1.225866916588566,215.0,1308.0
low,6309,Fair Auction,0.2069868995633187,1145,1588.3977,2.304479975947084,1.8585597478176528,0.7775130875598725,2062,1145,1.0786026200873362,237.0,1235.0
low,7267,join3 - Collaboration and Social,0.2142857142857142,126,208.6419,5.088826829268292,1.6428496062992126,1.5433141665216814,127,126,2.555555555555556,27.0,322.0
low,231,BUIDL Honduras,0.217391304347826,23,159.5388,7.964247356321839,6.175485918003565,0.3510117914889669,1683,23,2.4347826086956523,5.0,56.0
low,6596,Multisig Campaign Platform,0.221938775510204,1176,1748.7849,2.2426829754601227,1.816433913043478,1.1859663243890086,1610,1176,1.7636054421768708,261.0,2074.0
low,7713,Grappa,0.225,80,343.5193,8.808187179487179,4.29399125,0.4919665357958054,80,80,2.1125,18.0,169.0
low,6571,Phoenix Guild: Onboarding the next million female and non-binary #buildoors to web3,0.2307692307692307,13,300.249,17.92731176470588,16.93135,0.0566196723386256,18,13,1.3076923076923077,3.0,17.0
low,7346,Mest - Make your on-chain story,0.2347417840375587,213,450.9067,4.746386315789474,2.031111261261261,1.1000058326922175,222,213,2.328638497652582,50.0,496.0
low,3329,"PartyBoard - Meta-Social App, an immersive gamified social network with token economic system incentives",0.2410714285714285,112,131.0616,2.665222388059701,1.2315165517241378,2.35766998113864,145,112,2.758928571428572,27.0,309.0
